id|submitdate|lastpage|startlanguage|seed|token|startdate|datestamp|dom1[fid1]|desc21|image12|diag11|label11|text21|desc31|image13|diag21|expl11|label21|text31|label31|text41|desc41|image14|diag31|expl21|conf1[appro1]|conf1[compr1]|conf1[utili1]|desc22|image22|diag12|label12|text22|desc32|image23|diag22|expl12|label22|text32|label32|text42|desc42|image24|diag32|expl22|conf2[appro2]|conf2[compr2]|conf2[utili2]|desc23|image32|diag13|label13|text23|desc33|image33|diag23|expl13|label23|text33|label33|text43|desc43|image34|diag33|expl23|conf3[appro3]|conf3[compr3]|conf3[utili3]|desc24|image42|diag14|label14|text24|desc34|image43|diag24|expl14|label24|text34|label34|text44|desc44|image44|diag34|expl24|conf4[appro4]|conf4[compr4]|conf4[utili4]|desc25|image52|diag15|label15|text25|desc35|image53|diag25|expl15|label25|text35|label35|text45|desc45|image54|diag35|expl25|conf5[appro5]|conf5[compr5]|conf5[utili5]|desc26|image62|diag16|label16|text26|desc36|image63|diag26|expl16|label26|text36|label36|text46|desc46|image64|diag36|expl26|conf6[appro6]|conf6[compr6]|conf6[utili6]|desc27|image72|diag17|label17|text27|desc37|image73|diag27|expl17|label27|text37|label37|text47|desc47|image74|diag37|expl27|conf7[appro7]|conf7[compr7]|conf7[utili7]|desc28|image82|diag18|label18|text28|desc38|image83|diag28|expl18|label28|text38|label38|text48|desc48|image84|diag38|expl28|conf8[appro8]|conf8[compr8]|conf8[utili8]|desc29|image92|diag19|label19|text29|desc39|image93|diag29|expl19|label29|text39|label39|text49|desc49|image94|diag39|expl29|conf9[appro9]|conf9[compr9]|conf9[utili9]|desc210|image102|diag110|label110|text210|desc310|image103|diag210|expl110|label210|text310|label310|text410|desc410|image104|diag310|expl210|conf10[appro10]|conf10[compr10]|conf10[utili10]|desc211|image112|diag111|label111|text211|desc211|image113|diag211|expl111|label211|text311|label311|text411|desc411|image114|diag311|expl211|conf11[appro11]|conf11[compr11]|conf11[utili11]|desc212|image122|diag112|label112|text212|desc312|image123|diag212|expl112|label212|text312|label312|text412|desc412|image124|diag312|expl212|conf12[appro12]|conf12[compr12]|conf12[utili12]|desc213|image132|diag113|label113|text213|desc313|image133|diag213|expl113|label213|text313|label313|text413|desc413|image134|diag313|expl213|conf13[appro13]|conf13[compr13]|conf13[utili13]|desc214|image142|diag114|label114|text214|desc214|image143|diag214|expl114|label214|text314|label314|text414|desc414|image144|diag314|expl214|conf14[appro14]|conf14[compr14]|conf14[utili14]|desc215|image152|diag115|label115|text215|desc315|image153|diag215|expl115|label215|text315|label315|text415|desc415|image154|diag315|expl215|conf15[appro15]|conf15[compr15]|conf15[utili15]|desc216|image162|diag116|label116|text216|desc216|image163|diag216|expl116|label216|text316|label316|text416|desc416|image164|diag316|expl216|conf16[appro16]|conf16[compr16]|conf16[utili16]|desc217|image172|diag117|label117|text217|desc317|image173|diag217|expl117|label217|text317|label317|text417|desc417|image174|diag317|expl217|conf17[appro17]|conf17[compr17]|conf17[utili17]|desc218|image182|diag118|label118|text218|desc318|image183|diag218|expl118|label218|text318|label318|text418|desc418|image184|diag318|expl218|conf18[appro18]|conf18[compr18]|conf18[utili18]|desc219|image192|diag119|label119|text219|desc319|image193|diag219|expl119|label219|text319|label319|text419|desc419|image194|diag319|expl219|conf19[appro19]|conf19[compr19]|conf19[utili19]|desc220|image202|diag120|label120|text220|desc320|image203|diag220|expl120|label220|text320|label320|text420|desc420|image204|diag320|expl220|conf20[appro20]|conf20[compr20]|conf20[utili20]|dom2[fid2]|interviewtime|groupTime6806|dom1Time|groupTime6807|desc21Time|image12Time|diag11Time|label11Time|text21Time|groupTime6808|desc31Time|image13Time|diag21Time|expl11Time|label21Time|text31Time|label31Time|text41Time|groupTime6809|desc41Time|image14Time|diag31Time|expl21Time|conf1Time|groupTime6810|desc22Time|image22Time|diag12Time|label12Time|text22Time|groupTime6811|desc32Time|image23Time|diag22Time|expl12Time|label22Time|text32Time|label32Time|text42Time|groupTime6812|desc42Time|image24Time|diag32Time|expl22Time|conf2Time|groupTime6813|desc23Time|image32Time|diag13Time|label13Time|text23Time|groupTime6814|desc33Time|image33Time|diag23Time|expl13Time|label23Time|text33Time|label33Time|text43Time|groupTime6815|desc43Time|image34Time|diag33Time|expl23Time|conf3Time|groupTime6816|desc24Time|image42Time|diag14Time|label14Time|text24Time|groupTime6817|desc34Time|image43Time|diag24Time|expl14Time|label24Time|text34Time|label34Time|text44Time|groupTime6818|desc44Time|image44Time|diag34Time|expl24Time|conf4Time|groupTime6819|desc25Time|image52Time|diag15Time|label15Time|text25Time|groupTime6820|desc35Time|image53Time|diag25Time|expl15Time|label25Time|text35Time|label35Time|text45Time|groupTime6821|desc45Time|image54Time|diag35Time|expl25Time|conf5Time|groupTime6822|desc26Time|image62Time|diag16Time|label16Time|text26Time|groupTime6823|desc36Time|image63Time|diag26Time|expl16Time|label26Time|text36Time|label36Time|text46Time|groupTime6824|desc46Time|image64Time|diag36Time|expl26Time|conf6Time|groupTime6825|desc27Time|image72Time|diag17Time|label17Time|text27Time|groupTime6826|desc37Time|image73Time|diag27Time|expl17Time|label27Time|text37Time|label37Time|text47Time|groupTime6827|desc47Time|image74Time|diag37Time|expl27Time|conf7Time|groupTime6828|desc28Time|image82Time|diag18Time|label18Time|text28Time|groupTime6829|desc38Time|image83Time|diag28Time|expl18Time|label28Time|text38Time|label38Time|text48Time|groupTime6830|desc48Time|image84Time|diag38Time|expl28Time|conf8Time|groupTime6831|desc29Time|image92Time|diag19Time|label19Time|text29Time|groupTime6832|desc39Time|image93Time|diag29Time|expl19Time|label29Time|text39Time|label39Time|text49Time|groupTime6833|desc49Time|image94Time|diag39Time|expl29Time|conf9Time|groupTime6834|desc210Time|image102Time|diag110Time|label110Time|text210Time|groupTime6835|desc310Time|image103Time|diag210Time|expl110Time|label210Time|text310Time|label310Time|text410Time|groupTime6836|desc410Time|image104Time|diag310Time|expl210Time|conf10Time|groupTime6837|desc211Time|image112Time|diag111Time|label111Time|text211Time|groupTime6838|desc311Time|image113Time|diag211Time|expl111Time|label211Time|text311Time|label311Time|text411Time|groupTime6839|desc411Time|image114Time|diag311Time|expl211Time|conf11Time|groupTime6840|desc212Time|image122Time|diag112Time|label112Time|text212Time|groupTime6841|desc312Time|image123Time|diag212Time|expl112Time|label212Time|text312Time|label312Time|text412Time|groupTime6842|desc412Time|image124Time|diag312Time|expl212Time|conf12Time|groupTime6843|desc213Time|image132Time|diag113Time|label113Time|text213Time|groupTime6844|desc313Time|image133Time|diag213Time|expl113Time|label213Time|text313Time|label313Time|text413Time|groupTime6845|desc413Time|image134Time|diag313Time|expl213Time|conf13Time|groupTime6846|desc214Time|image142Time|diag114Time|label114Time|text214Time|groupTime6847|desc314Time|image143Time|diag214Time|expl114Time|label214Time|text314Time|label314Time|text414Time|groupTime6848|desc414Time|image144Time|diag314Time|expl214Time|conf14Time|groupTime6849|desc215Time|image152Time|diag115Time|label115Time|text215Time|groupTime6850|desc315Time|image153Time|diag215Time|expl115Time|label215Time|text315Time|label315Time|text415Time|groupTime6851|desc415Time|image154Time|diag315Time|expl215Time|conf15Time|groupTime6852|desc216Time|image162Time|diag116Time|label116Time|text216Time|groupTime6853|desc316Time|image163Time|diag216Time|expl116Time|label216Time|text316Time|label316Time|text416Time|groupTime6854|desc416Time|image164Time|diag316Time|expl216Time|conf16Time|groupTime6855|desc217Time|image172Time|diag117Time|label117Time|text217Time|groupTime6856|desc317Time|image173Time|diag217Time|expl117Time|label217Time|text317Time|label317Time|text417Time|groupTime6857|desc417Time|image174Time|diag317Time|expl217Time|conf17Time|groupTime6858|desc218Time|image182Time|diag118Time|label118Time|text218Time|groupTime6859|desc318Time|image183Time|diag218Time|expl118Time|label218Time|text318Time|label318Time|text418Time|groupTime6860|desc418Time|image184Time|diag318Time|expl218Time|conf18Time|groupTime6861|desc219Time|image192Time|diag119Time|label119Time|text219Time|groupTime6862|desc319Time|image193Time|diag219Time|expl119Time|label219Time|text319Time|label319Time|text419Time|groupTime6863|desc419Time|image194Time|diag319Time|expl219Time|conf19Time|groupTime6864|desc220Time|image202Time|diag120Time|label120Time|text220Time|groupTime6865|desc320Time|image203Time|diag220Time|expl120Time|label220Time|text320Time|label320Time|text420Time|groupTime6866|desc420Time|image204Time|diag320Time|expl220Time|conf20Time|groupTime6867|dom2Time
12|2021-11-26 16:15:22|62|it|238922631|3C9IAnQZ6J84ULc|2021-11-26 15:05:18|2021-11-26 16:15:22|4||||0||||||||0||||||4|5|5||||0||||||||0||||||6|5|6||||0||||||||0||||||6|6|6||||0||||||||0||||||6|6|6||||0||||||||0||||||6|5|6||||0||||||||0||||||6|4|6||||0||||||||0||||||6|6|6||||0||||||||0||||||4|3|5||||1|Ritmo sinusale con blocco di branca sinistro intermittente.|1||||0||||||||4|4|4||||0||||||||0||||||6|1|6||||0||||||||0||||||5|3|6||||0||||||||0||||||5|4|6||||0||||||||0||||||5|4|5||||0||||||||0||||||6|6|6||||0||||||||0||||||6|6|6||||1|Pericardite|0||||1||||||||5|3|6||||0||||||||0||||||6|6|6||||0||||||||0||||||6|6|6||||0||||||||0||||||6|5|6||||0||||||||0||||||6|5|6|5|4239,73|46,98||188,37||||||87,6|||||||||72,87||||||165,09||||||36,87|||||||||18,18||||||59,5||||||16,44|||||||||18,83||||||40,94||||||24,3|||||||||21,17||||||299,4||||||33,64|||||||||14,32||||||76,16||||||58,56|||||||||16,32||||||171,02||||||98,03|||||||||20,21||||||139,11||||||28,94|||||||||21,54||||||320,11||||||264,26|||||||||15,09||||||337,68||||||64,35|||||||||9,33||||||128,63||||||28,98|||||||||10,43||||||38,36||||||54,45|||||||||11,86||||||142,36||||||28,91|||||||||10,57||||||111,5||||||11,31|||||||||10,9||||||48,25||||||22,16|||||||||17,02||||||86,67||||||41,99|||||||||13,93||||||96,52||||||70,35|||||||||6,82||||||126,29||||||48,08|||||||||86,72||||||31,89||||||15,34|||||||||9,92||||||93,74||||||18,15|||||||||16,2||||||16,22|
15|2021-11-26 19:15:28|62|it|237917679|lgC5OiDyZvKlaao|2021-11-26 17:57:25|2021-11-26 19:15:28|4||||0||||||||0||||||6|6|6||||1|ripolarizzazione precoce|1||||0||||||||2|3|2||||0||||||||0||||||6|6|6||||0||||||||0||||||6|6|6||||0||||||||0||||||6|6|6||||0||||||||0||||||6|6|6||||1|Blocco di branca sinistra intermittente e BAV I in paziente con infarto miocardico infero posteriore in atto|1||||0||||||||5|5|5||||0||||||||0||||||5|5|6||||0||||||||0||||||6|6|6||||0||||||||0||||||6|6|6||||0||||||||0||||||6|6|6||||0||||||||0||||||6|6|6||||0||||||||1|Ritmo sinusale con assi e intervalli normali. Presenza di onde Q nelle derivazioni inferiori e sopraslivellamento delle derivazioni anteriori e laterali, in assenza di altri elementi significativi.|0||||5|4|5||||0||||||||0||||||6|6|6||||0||||||||0||||||6|6|6||||1|HCM|1||||0||||||||1|1|1||||1|SCA|0||||0||||||||4|4|4||||0||||||||0||||||5|5|5||||0||||||||0||||||6|6|6||||1|fibrillazione atriale  condotta con aberranza, VEB isolata|0||||0||||||||2|1|2|5|2727,22|5,01||7,03||||||15,07|||||||||5,74||||||61,84||||||55,73|||||||||20,65||||||22,03||||||14,98|||||||||21,39||||||29,17||||||16,8|||||||||4,71||||||81,29||||||30,31|||||||||4,34||||||74,62||||||8,61|||||||||8,26||||||101,71||||||41,42|||||||||10,76||||||94,99||||||49,93|||||||||5,77||||||106,74||||||114,73|||||||||4,32||||||22,82||||||9,13|||||||||6,66||||||358||||||7,7|||||||||5,39||||||41,42||||||51,04|||||||||5,2||||||183,07||||||50,8|||||||||12,11||||||46,16||||||9,2|||||||||5,92||||||157,91||||||12,79|||||||||6,28||||||73,49||||||17|||||||||5,29||||||114,37||||||40,34|||||||||27,37||||||102,72||||||71,09|||||||||7,74||||||44,39||||||18,89|||||||||6,87||||||115,73||||||56,8|||||||||5,38||||||10,2|
17|2021-11-27 12:39:14|62|it|1073825060|KaIelb8r67f8dOv|2021-11-27 10:47:33|2021-11-27 12:39:14|5||||0||||||||0||||||6|6|5||||0||||||||0||||||5|6|6||||1|Fibrillazione atriale, alternanza elettrica del QRS.|1||||0||||||||4|5|4||||0||||||||0||||||6|6|5||||0||||||||0||||||5|6|6||||0||||||||1|Pattern Brugada tipo 1 per presenza di pattern rSR’ in V1, V2. Conseguenti alterazioni secondarie della ripolarizzazione con inversione delle onde T.|1||||4|4|5||||0||||||||0||||||6|6|6||||1|Blocco di branca sinistra completo.|0||||0||||||||3|3|3||||0||||||||1|Ritmo sinusale con bigeminismo ventricolare.|0||||3|4|5||||1|PR corto con presenza di onda delta.|1||||0||||||||1|1|1||||1|Bradicardia sinusale, PR nei limiti, blocco di branca sinistra, QT0 allungato.|0||||2|Bradicardia sinusale, PR nei limiti, rsR' da v2 a v6 e in, sottoslivellamento ST da v3 a v5, QT0 allungato.|0||||||3|3|5||||0||||||||0||||||6|6|6||||0||||||||0||||||5|5|6||||0||||||||0||||||6|6|6||||1|Flutter atriale.|0||||0||||||||1|1|1||||1|Ipertrofia ventricolare sinistra, onde T negative diffuse|1||||2|Ipertrofia ventricolare sinistra, onde T negative diffuse. Pericardite?|0||||||2|2|3||||1|S1Q3, sottoslivellamento di ST laterale|1||||1||||||||6|6|6||||0||||||||0||||||6|6|6||||1|Fibrillazione Atriale in paziente con deviazione assiale sinistra e segni borderline di ipertrofia ventricolare sinistra. Onde T piatte/negative in sede laterale.|1||||0||||||||5|5|5||||0||||||||0||||||6|4|5|5|6725,03|45,43||97,59||||||43,57|||||||||33,25||||||128,61||||||45,04|||||||||43,5||||||670,72||||||30,63|||||||||32,47||||||33,19||||||26,41|||||||||8,2||||||100,98||||||79,58|||||||||12,58||||||128,96||||||202,07|||||||||16,09||||||196,08||||||57,3|||||||||7,97||||||136,7||||||44,56|||||||||752,88||||||188,78||||||168,22|||||||||19,01||||||106,12||||||88,6|||||||||20,1||||||711,26||||||355,36|||||||||6,33||||||52,23||||||70,03|||||||||4,25||||||302,86||||||14,02|||||||||11,26||||||71,78||||||14,17|||||||||5,09||||||163,19||||||25,52|||||||||5,09||||||388,09||||||71,38|||||||||10,12||||||266,85||||||34,59|||||||||14,23||||||265,87||||||19,51|||||||||7,62||||||140,55||||||23,37|||||||||10,08||||||45,06||||||22,61|||||||||13,69||||||13,78|
18|2021-11-29 17:00:51|62|it|1702041429|zYQY3NLlShej0OS|2021-11-28 16:29:57|2021-11-29 17:00:51|4||||0||||||||0||||||6|6|6||||1|bassi voltaggi nelle derivazioni laterali, ripolarizzazione precoce|1||||1||||||||6|6|6||||0||||||||0||||||6|6|6||||0||||||||0||||||6|6|6||||0||||||||0||||||6|6|6||||0||||||||0||||||5|6|6||||0||||||||0||||||6|6|6||||0||||||||1|BBSn completo|0||||5|5|5||||0||||||||1|Bigeminismo|0||||5|6|6||||0||||||||1|PR breve|0||||5|6|6||||0||||||||0||||||6|6|6||||0||||||||0||||||6|6|6||||0||||||||1|Q nelle inferiori|1||||4|6|6||||0||||||||0||||||6|6|6||||1|FLA|0||||0||||||||2|6|4||||1|HCM|1||||0||||||||1|5|3||||0||||||||0||||||6|6|6||||1|FA + BBDx|1||||0||||||||3|6|6||||0||||||||0||||||5|6|6||||1|TV monomorfa|0||||0||||||||4|6|6|5|2679,97|19,78||110,61||||||40,77|||||||||11,14||||||349,69||||||42,21|||||||||35,56||||||241,73||||||14,08|||||||||4,52||||||13,43||||||3,43|||||||||39,48||||||85,38||||||36,19|||||||||3,83||||||23,38||||||26,78|||||||||8,99||||||66,17||||||52,61|||||||||5,52||||||108,22||||||181,96|||||||||11,76||||||47,32||||||105,42|||||||||9,52||||||17,93||||||21,14|||||||||5,13||||||58,07||||||29,22|||||||||8,42||||||25,08||||||42,67|||||||||5,56||||||47||||||53,1|||||||||9,22||||||44,2||||||10,49|||||||||4,81||||||29,5||||||44,83|||||||||13,14||||||75,46||||||12,53|||||||||22,82||||||50,55||||||38,69|||||||||5,37||||||88,78||||||29,25|||||||||6,81||||||54,48||||||27,93|||||||||5,49||||||56,67||||||20,37|||||||||6,2||||||9,58|
20|2021-11-29 16:44:52|62|it|164084513|CP4xwMIkPC3toGI|2021-11-29 15:40:38|2021-11-29 16:44:52|3||||0||||||||0||||||5|5|4||||1|RS a 75 bpm, normale conduzione atrio e tricolore, scarsa progressione della R da V1 a V3, segni di ripolarizzazione precoce|1||||0||||||||1|1|1||||0||||||||0||||||3|4|4||||0||||||||0||||||4|4|4||||0||||||||0||||||4|4|4||||0||||||||0||||||5|5|6||||0||||||||0||||||5|5|5||||0||||||||0||||||4|4|4||||0||||||||0||||||3|4|3||||0||||||||1|RS a FC di 75 bpm, PR breve, segni di preeccitazione ventricolare.|1||||3|3|4||||0||||||||0||||||5|5|5||||0||||||||0||||||5|5|5||||1|RS normofrequente, PR nei limiti, pregresso infarto in sede inferiore, ST sopra allivellato in sede anterolaterale|1||||0||||||||3|3|2||||0||||||||0||||||4|4|4||||0||||||||0||||||4|4|4||||1|RS normofrequente, PR nei limiti, segni di ipertrofia ventricolare sinistra, onde T negative e profonde diffuse|1||||0||||||||1|2|1||||0||||||||0||||||5|5|6||||1|FA con blocco AV completo e ritmo di scappamento a BBdx|1||||0||||||||3|3|3||||0||||||||0||||||5|5|5||||0||||||||0||||||4|4|4|3|3886,81|29,74||71,62||||||41,38|||||||||46,08||||||159,24||||||43,64|||||||||13,37||||||36,98||||||50,7|||||||||17,68||||||48,72||||||18,23|||||||||8,92||||||17,67||||||16,76|||||||||31,45||||||39,08||||||11,56|||||||||17,15||||||66,24||||||4,5|||||||||8,68||||||85,13||||||30,17|||||||||6,88||||||321,87||||||13,91|||||||||16,14||||||39,8||||||47,2|||||||||12,88||||||170,14||||||11,47|||||||||12,46||||||109,59||||||40,46|||||||||8,45||||||55,11||||||19,54|||||||||10,9||||||137,48||||||15,41|||||||||15,94||||||135,89||||||7,55|||||||||16,37||||||416,16||||||11,13|||||||||23,64||||||178,71||||||10,15|||||||||22,55||||||568,83||||||5,78|||||||||13,16||||||142,82||||||5,74|||||||||12,02||||||174,93||||||142,88|||||||||10,5||||||7,68|
21|2021-11-29 17:06:08|62|it|460652684|QTRPfAvfXQKZli4|2021-11-29 15:57:44|2021-11-29 17:06:08|4||||0||||||||0||||||5|5|5||||1|Onda t negativa in avl|0||||1||||||||4|4|5||||1|FA con alta risposta ventricolare.|1||||0||||||||6|5|6||||0||||||||0||||||6|6|6||||1|Diminuzione dei voltaggi, nelle precordiali, ingrandimento atriale destro alterazioni aspecifiche diffuse della ripolarizzazione ventricolare, QT allungato marcata bradicardia con FC 45 BPM circa|0||||0||||||||5|5|6||||0||||||||0||||||5|6|5||||0||||||||0||||||5|6|5||||1|Infarto stemi in atto antero- inferiore con segni di ischemica subendocardica in v5 V6 d1 avl, quindi con probabile interessamento laterale. Marcata bradicardia con FC intorno ai 50 BPM|1||||0||||||||5|4|6||||0||||||||0||||||5|6|6||||0||||||||1|Wolf Parkinson White  pattern a tipo A con pr accorciato inferiore a 120 ma, slargamento qrs sopra 120 ma con presenza di onda delta.|1||||5|4|5||||1|Blocco di branca destro nstemi inferiore.|0||||0||||||||3|5|4||||0||||||||0||||||5|5|6||||0||||||||0||||||5|6|6||||0||||||||0||||||4|3|3||||1|Flutter atriale con scarsa conduzione degli impulsi ai ventricoli insieme a uno stemi antero-settale.|0||||0||||||||4|5|6||||1|Nstemi anterio e laterale con ritmo sinusale a 60 FC. Con onde t negative in d3 e avl|0||||2|Segni ipertrofia ventricolare sx nstemi anterio laterale onde t negative in avl e d3|0||||||5|5|6||||1|Embolia polmonare con segni di ingrandimento atriale destro. Morfologia a bbdx in v2 p polmonare in d2 d3 avf tachicardia sinusale s1 q3 alterazioni onda t da v1 a v6|1||||0||||||||6|5|6||||0||||||||0||||||4|3|6||||1|Segni ipertrofia ventricolare sinistra FA ad alta risposta ventricolare e DAS.|1||||0||||||||5|6|6||||1|Tachicardia ventricolare polimorfa sostenuta|0||||0||||||||5|5|6|4|4175,6|17,06||97,98||||||18,83|||||||||38,53||||||234,47||||||18,21|||||||||15,79||||||94,22||||||23,48|||||||||13,03||||||87,62||||||41,92|||||||||9,67||||||313||||||18,12|||||||||7,28||||||113,9||||||18,51|||||||||15,64||||||135,72||||||42,66|||||||||10,02||||||323,99||||||14,1|||||||||14,28||||||201,86||||||24,33|||||||||8,25||||||60,6||||||183,3|||||||||14,41||||||228,88||||||29,09|||||||||10,96||||||137,46||||||18,09|||||||||11,75||||||88,01||||||8,99|||||||||7,42||||||97,45||||||136,59|||||||||13,25||||||109,41||||||19,33|||||||||7,67||||||163,71||||||55,61|||||||||162,4||||||129||||||149,51|||||||||9,49||||||92,03||||||27,74|||||||||10,05||||||80,66||||||20,61|||||||||8,64||||||74,63||||||14,74|||||||||10,43||||||11,22|
22|2021-11-29 16:43:42|62|it|1167937831|RhKi1b5QB5yPwJz|2021-11-29 16:04:13|2021-11-29 16:43:42|5||||0||||||||0||||||5|5|5||||0||||||||0||||||4|6|6||||1|Fa a 85 bpm. Alterazioni aspecifiche della tipo al rizza zione ventricolare|1||||0||||||||3|3|3||||1|"RS a FC di 90.
Bbsn"|1||||0||||||||4|4|3||||0||||||||0||||||4|4|5||||0||||||||0||||||4|5|5||||0||||||||0||||||5|5|5||||0||||||||0||||||5|5|5||||0||||||||0||||||5|5|5||||0||||||||0||||||4|4|4||||0||||||||0||||||5|5|5||||0||||||||0||||||6|5|5||||0||||||||0||||||4|4|5||||0||||||||0||||||5|5|5||||0||||||||0||||||5|5|4||||1|Segni di ipertrofia ventricolare sn con onde t negative v2-v6|1||||0||||||||2|3|3||||0||||||||0||||||5|4|3||||0||||||||0||||||5|5|5||||0||||||||0||||||5|5|6||||1|Tv monomorfa|0||||1||||||||5|5|4|4|2818,87|7,38||17,14||||||8,2|||||||||7,97||||||16,09||||||3,92|||||||||53,26||||||48,88||||||42,54|||||||||10,23||||||60,71||||||4,88|||||||||9,71||||||129,28||||||4,78|||||||||9,2||||||7,91||||||10,63|||||||||20,08||||||22,24||||||20,42|||||||||7,9||||||18,63||||||5,05|||||||||8,35||||||38,61||||||7,09|||||||||28,2||||||32,36||||||27,39|||||||||50,85||||||35,09||||||6,83|||||||||67,63||||||91,43||||||44,05|||||||||6,9||||||21,89||||||13,75|||||||||42,43||||||29,82||||||27,79|||||||||8,93||||||20,62||||||262,11|||||||||247,42||||||121,64||||||5,05|||||||||37,03||||||24,9||||||23,72|||||||||15,77||||||71,82||||||5,68|||||||||51,24||||||85,85||||||7,34|||||||||28,18||||||548,76||||||103,88|||||||||10,86||||||10,58|
23|2021-11-29 16:39:55|62|it|610106345|1wb5UbceC50EZDo|2021-11-29 16:04:42|2021-11-29 16:39:55|1||||0||||||||0||||||6|6|6||||1|Pattern da ripolarizzazione precoce in V1-V2|1||||0||||||||3|3|2||||0||||||||0||||||6|5|5||||0||||||||0||||||5|4|4||||0||||||||0||||||6|4|5||||0||||||||0||||||5|3|4||||1|BBSn intermittente e BAV di I grado, alterazioni secondarie della ripolarizzazione ventricolare.|1||||0||||||||5|4|4||||1|Ritmo sinusale e Blocco di branca sinistra.|0||||0||||||||3|3|3||||1|Ritmo sinusale. BBSn intermittente.|1||||0||||||||3|3|3||||0||||||||0||||||6|6|6||||0||||||||0||||||5|5|5||||0||||||||0||||||6|6|6||||0||||||||0||||||6|6|6||||0||||||||0||||||6|6|6||||0||||||||0||||||6|6|6||||1|Ritmo sinusale, sospetto di ipertrofia ventricolare sinistra|1||||0||||||||5|5|4||||1|SCA NSTEMI antero laterale|0||||0||||||||3|3|3||||1|FA con elevato grado di blocco atrioventricolare, ritardo di conduzione intraventricolare|1||||0||||||||4|4|4||||0||||||||0||||||6|6|6||||1|Tachicardia ventricolare monomorfa|0||||0||||||||4|4|4|4|2141,75|4,83||23,14||||||16,36|||||||||14,54||||||60,54||||||39,9|||||||||20,89||||||16,12||||||14,12|||||||||47,65||||||10,79||||||24,75|||||||||9,95||||||22,38||||||71,64|||||||||12,02||||||19,25||||||123,22|||||||||7,64||||||112,07||||||13,17|||||||||19,41||||||56,01||||||3,71|||||||||7,07||||||239,37||||||3,69|||||||||15,98||||||14,35||||||5,85|||||||||5,08||||||32,65||||||5,18|||||||||3,97||||||31,28||||||3,16|||||||||3,56||||||39,54||||||7,73|||||||||4,28||||||20,06||||||9,4|||||||||4,41||||||43,3||||||4,11|||||||||5,61||||||469,82||||||4,25|||||||||6,56||||||58,02||||||2,84|||||||||5,74||||||203,78||||||8,27|||||||||5,92||||||22,94||||||4,47|||||||||3,93||||||29,76||||||9,29|||||||||27,57||||||4,86|
24|2021-11-29 17:16:52|62|it|2133523734|07ApGm2JJiL55E5|2021-11-29 16:38:51|2021-11-29 17:16:52|4||||0||||||||0||||||4|5|5||||0||||||||1|Bassi voltaggi nelle derivazioni laterali. Asse cardiaco verticale. Alterazioni aspecifiche della ripolarizzazione ventricolare.|0||||5|5|5||||1|Fa con rvm nonrmofrequente . Asse elettrico orizzontale. Alterazioni minori della ripolarizzazione ventricolare. Segni di ipertrofia ventricolare sinistra.|1||||0||||||||4|5|3||||1|Bbbs nonrmale cav. Alterazioni secondarie della ripolarizzazione ventricolare.|1||||0||||||||4|4|2||||0||||||||1|Blocco Atrio Ventricolare II tipo Mobitz 2 con rapporto 2:1.Presenti anomalie della ripolarizzazione aspecifiche. Asse elettrico intermedio-orizxontale|1||||4|4|3||||1|Bbdx completo. Utile eseguire ECG con derivazioni modificate|0||||0||||||||2|4|1||||1|Ritmo sinusale. Conduzione atrio ventricolare mal.valutabile. Blocco di branca sinistra. Alterazioni aspecifiche della ripolarizzazione ventricolare da contestualizzare con la clinica del paziente.|1||||0||||||||4|4|1||||1|Ritmo sinusale nonrmofrequente. Conduzione av neinoiti. Bbsn noto. Ripolarizzazione ventricolare difasiche in sede inferolaterale da contestualizzare con ECG precedenti.|0||||0||||||||5|5|4||||0||||||||1|Ritmo sinusale con bigeminismo ventricolare. Atrio sinistro anormale e ipertrofia ventricolare sinistra|0||||3|4|3||||0||||||||0||||||3|4|3||||1|Ritmo sinusale per nei limiti. Qtc neinoimiti. Alterazioni seco darie della ripolarizzazione|0||||0||||||||1|2|1||||0||||||||0||||||5|5|4||||1|Ritmo sinusale normofreqiente. pr nei limiti. Alterazioni della ripolarizzazione ventricolare con patibolo con Pericardite. Esiti di pregresso ima inferiore.|1||||0||||||||4|4|4||||0||||||||0||||||6|6|6||||0||||||||0||||||5|5|5||||1|Sospetta cmI|0||||0||||||||3|5|5||||1|RS con FC di circa 90 BPM. Cav nei limitionda p polmonare. Bbdx. Alterazioni della ripolarizzazione ventricolare in sede inferolaterale da correlare con la clinica è tnhs|1||||0||||||||2|5|2||||0||||||||0||||||6|6|4||||1|Fibrillazione Atriale in paziente con deviazione assiale sinistra e segnni di Cornell indicativi di ipertrofia ventricolare sinistra.|1||||0||||||||5|4|4||||1|TV monomorfa interrotta da un battito di fusione|0||||0||||||||3|5|3|4|2309,43|10,17||12,32||||||8,1|||||||||13,45||||||11,94||||||142,21|||||||||14,92||||||110,41||||||15,24|||||||||9,77||||||59,35||||||12,41|||||||||15,64||||||54,91||||||87,97|||||||||14,78||||||55,17||||||13,01|||||||||16,64||||||173,74||||||15,02|||||||||20,62||||||179,41||||||10|||||||||9,58||||||24,38||||||27,58|||||||||17,12||||||12,5||||||6,86|||||||||10,11||||||127,97||||||12,51|||||||||13,8||||||18,05||||||39,22|||||||||10,53||||||167,4||||||45,88|||||||||9,63||||||47,63||||||6,79|||||||||10,79||||||24,74||||||6,12|||||||||9,2||||||27,46||||||9,24|||||||||27,86||||||141,36||||||13,76|||||||||14,4||||||96,82||||||6|||||||||13,05||||||103,85||||||4,93|||||||||7,94||||||79,96||||||8,87|||||||||10,52||||||7,82|
26|2021-11-30 18:06:00|62|it|857571273|DrjYw7zpe8CVbnB|2021-11-29 16:48:48|2021-11-30 18:06:00|4||||0||||||||0||||||6|5|3||||0||||||||0||||||5|5|4||||0||||||||0||||||6|6|2||||0||||||||0||||||6|6|2||||1|blocco atrioventricolare II tipo mobitz II rapporto 2:1, segni di possibile ingrandimento dell'atrio destro ed ipertofia del ventricolo destro. scarsa progressione dei complessi di depolarizzazione|1||||0||||||||4|5|3||||0||||||||0||||||5|6|2||||0||||||||0||||||6|5|3||||1|blocco di branca sinistra, infarto del ventricolo destro|1||||0||||||||3|5|3||||1|bigeminismo ventricolare, ingrandimento dell'atrio sinistro, possibile ipertrofia del ventricolo sinistro, anomalie della ripolarizzazione|0||||0||||||||5|5|3||||1|pattern wolf parkinson white, possibile infarto miocardio destro|1||||0||||||||4|5|2||||1|ipotermia|1||||0||||||||||||||0||||||||0||||||5|5|2||||1|pericardite|1||||0||||||||4|5|3||||1|pregresso infarto del ventricolo sinistro, ingrandimento dell'atrio sinistro, deviazione a destra dell'asse cardiaco|0||||0||||||||2|5|2||||0||||||||0||||||5|6|5||||1|ipertofia del ventricolo sinistro, anomalie della ripolarizzazione|1||||0||||||||2|4|2||||1|blocco di branca destra, blocco atrioventricolare mobitz 2 tipo 2 con conduzione 2:1, sottoslivellamento del tratto ST nelle derivazioni precordiali antero laterali sinistre|0||||0||||||||4|5|4||||0||||||||0||||||6|6|3||||0||||||||0||||||6|6|2||||0||||||||0||||||5|6|2|5|4547,04|32,32||86,28||||||68,85|||||||||92,41||||||311,34||||||21,45|||||||||43,98||||||66,3||||||13,65|||||||||29,7||||||85,83||||||32,91|||||||||25,72||||||404,68||||||83,92|||||||||27,78||||||184,94||||||27,54|||||||||34,56||||||157,82||||||30,39|||||||||27,88||||||123,87||||||18,08|||||||||21,88||||||406,65||||||23,08|||||||||20,94||||||254,96||||||11,81|||||||||17,25||||||201,52||||||24,68|||||||||12,29||||||40,78||||||9,61|||||||||9,78||||||71,31||||||23,52|||||||||16,54||||||192,16||||||14,05|||||||||25,38||||||132,76||||||15,86|||||||||16,62||||||75,07||||||33|||||||||14,99||||||321,96||||||35,26|||||||||16,32||||||129,91||||||26,64|||||||||18,05||||||103,34||||||15,24|||||||||15,09||||||90,64||||||16,64|||||||||15,13||||||24,13|
28|2021-11-29 19:36:28|62|it|1337305728|5bRjFPibnojZ4oh|2021-11-29 19:08:26|2021-11-29 19:36:28|5||||0||||||||0||||||5|6|6||||0||||||||0||||||5|5|6||||0||||||||0||||||5|6|6||||0||||||||0||||||4|6|6||||0||||||||0||||||5|5|5||||0||||||||0||||||5|6|6||||0||||||||0||||||5|6|6||||0||||||||0||||||4|6|6||||0||||||||0||||||6|5|6||||0||||||||0||||||5|5|5||||0||||||||0||||||4|5|6||||0||||||||0||||||5|5|5||||0||||||||0||||||5|4|5||||0||||||||0||||||6|6|6||||0||||||||0||||||5|6|6||||1|Angina Instabile|0||||0||||||||2|5|5||||0||||||||0||||||5|5|4||||0||||||||0||||||5|5|5||||0||||||||0||||||6|6|6||||1|Tachicardia ventricolare monomorfa|0||||0||||||||2|5|5|6|1708,92|13,1||121,87||||||38,49|||||||||54,47||||||91,54||||||30,2|||||||||25,25||||||17,08||||||34,26|||||||||16,57||||||28,62||||||40,6|||||||||10,12||||||142,68||||||73,05|||||||||8,54||||||21,39||||||5,63|||||||||11,89||||||74,96||||||28,36|||||||||8,66||||||54,23||||||11,6|||||||||6,12||||||25,21||||||16,99|||||||||9,69||||||27,72||||||8,23|||||||||7,04||||||46,35||||||4,19|||||||||6,67||||||20,36||||||4,48|||||||||5,4||||||50,18||||||10,35|||||||||15,44||||||22,73||||||6,67|||||||||5,85||||||50,11||||||6,91|||||||||6,37||||||50,55||||||20,71|||||||||9,7||||||24,88||||||31,97|||||||||6,35||||||83,74||||||12,32|||||||||8||||||29,29||||||23,08|||||||||7,3||||||49,75||||||8,96|||||||||7,12||||||8,98|
29|2021-11-29 22:23:09|62|it|1695261415|Ds7jnObNAAHHK0G|2021-11-29 21:36:00|2021-11-29 22:23:09|3||||1|RS a FC 70bpm, PR nei limiti, AE intermedio, segni di ripolarizzazione precoce in sede infero-laterale.|1||||0||||||||5|6|4||||1|RS a Fc 80bpm, PR nei limiti, AE intermedio, Segni di RV precoce in sede antero-settale.|1||||0||||||||4|4|4||||0||||||||0||||||4|4|4||||1|Blocco sinistro sinistra|1||||1||||||||4|4|4||||0||||||||0||||||4|4|4||||0||||||||0||||||4|4|4||||0||||||||0||||||4|4|4||||1|BBsn a fc 60, Alterazioni secondarie della RV|0||||0||||||||4|4|4||||0||||||||0||||||4|4|4||||1|Rs a Fc 80bpm , PR breve con segni di preeccitazione da verosimile via accessoria destra.|1||||0||||||||4|4|4||||1|BBsn.|0||||0||||||||2|2|2||||0||||||||0||||||5|5|5||||0||||||||0||||||3|3|3||||1|Ripetere ECG.|0||||0||||||||4|4|4||||1|FLA a 60bpm.|0||||0||||||||||||||1|Ipertrofia ventricolare|1||||0||||||||||||||0||||||||0||||||||||||0||||||||0||||||||||||0||||||||0||||||||||||1|tv monofora|0||||0||||||||||||2859,6|39,2||185,87||||||68,49|||||||||48,14||||||143,4||||||35,24|||||||||8,47||||||104,67||||||31,9|||||||||7,78||||||45,69||||||29,26|||||||||6,62||||||114,77||||||23,52|||||||||8,74||||||38,98||||||67,64|||||||||6,79||||||203,53||||||22,13|||||||||6,19||||||92,7||||||34,23|||||||||6,64||||||148,72||||||57,02|||||||||4,79||||||63,5||||||29,1|||||||||9,48||||||138,77||||||67,93|||||||||7,41||||||67,52||||||20,03|||||||||7,14||||||80,73||||||7,48|||||||||8,9||||||69,5||||||5,1|||||||||6,1||||||56,08||||||9,24|||||||||3,8||||||51,18||||||8,44|||||||||3,36||||||117,05||||||8,53|||||||||3,64||||||55,23||||||4,6|||||||||3,83||||||41,67||||||5,53|||||||||5,68||||||286,07||||||5,79|||||||||3,16||||||6,91|
30|2021-11-30 18:29:24|62|it|1095738326|9innjMNMdOW54QG|2021-11-30 17:53:26|2021-11-30 18:29:24|||||0||||||||0||||||6|6|6||||0||||||||0||||||6|6|6||||0||||||||0||||||6|6|6||||0||||||||0||||||6|6|6||||0||||||||0||||||6|6|6||||0||||||||0||||||6|6|6||||0||||||||0||||||5|5|6||||0||||||||0||||||6|6|6||||0||||||||0||||||5|5|5||||0||||||||1|Fusione p-qrs come da pre eccitazione ventricolare|1||||5|6|6||||0||||||||0||||||6|6|6||||0||||||||0||||||5|5|5||||1|Sopraslivellamento trattO ST ANTERO-LATERALE|1||||1||||||||4|6|5||||0||||||||0||||||6|6|6||||1|Tremore o Flutter|1||||1||||||||6|6|6||||1|Ipertrofia ventricolare sinistra con st sottoslivellato nelle derivazioni antero laterali|1||||0||||||||2|6|2||||0||||||||0||||||6|6|6||||0||||||||0||||||6|6|6||||0||||||||0||||||5|5|5||||0||||||||0||||||6|6|6|5|2187,77|5,95||8,66||||||5,95|||||||||11,24||||||679,64||||||9,6|||||||||11,81||||||16,75||||||5,39|||||||||11,97||||||7,92||||||9,8|||||||||8,77||||||9,64||||||9,73|||||||||9,07||||||11,92||||||5,3|||||||||7,21||||||11,97||||||4,56|||||||||12,54||||||46,74||||||12,96|||||||||19,6||||||22,6||||||6,29|||||||||7,59||||||14,58||||||114,99|||||||||16,47||||||35,69||||||14,25|||||||||12,43||||||23,59||||||5,78|||||||||11,13||||||96,97||||||10,27|||||||||13,29||||||54,1||||||4,36|||||||||8,7||||||152,98||||||47,4|||||||||16,36||||||182,06||||||16,19|||||||||14,63||||||50,87||||||16,79|||||||||7,54||||||80,15||||||11,82|||||||||10||||||54,66||||||10,05|||||||||8,68||||||50,57||||||9,42|||||||||6,35||||||13,48|
36|2021-11-30 22:57:35|62|it|1664675140|At0zLHAWnEFWl5q|2021-11-30 22:03:22|2021-11-30 22:57:35|5||||0||||||||0||||||6|6|6||||1|Ritmo sinusale a FC 75 bpm, asse elettrico verticale, blocco di branca destro incompleto. alterazioni aspecifiche della ripolarizzazione ventricolare.|0||||1||||||||5|6|6||||0||||||||0||||||6|6|6||||0||||||||0||||||6|6|6||||0||||||||0||||||6|6|6||||0||||||||0||||||6|6|6||||0||||||||0||||||6|6|6||||1|Blocco di branca sinistro, alterazioni secondarie della ripolarizzazione|0||||0||||||||3|2|2||||1|Ritmo sinusale con blocco di branca sinistro alternante. Atrio sinistro anormale e ipertrofia ventricolare sinistra.|1||||0||||||||4|5|5||||0||||||||1|Pattern di Wolf-Parkinson-White. PR corto. Onda delta.|1||||6|6|6||||0||||||||1|Bradicardia sinusale (45 bpm), in presenza di allungamento del complesso QRS e del QT. Non contemporaneo allungamento dell’onda T.  Onde T invertite diffusamente nelle derivazioni precordiali.|0||||5|5|5||||0||||||||0||||||6|6|6||||0||||||||0||||||6|6|6||||1|Inversione precordiali. Ritmo sinusale. Normale intervallo PR. Scarsa progressione onda R nelle precordiali, alterazioni aspecifiche della ripolarizzazione ventricolare.|0||||2|Inversione derivazioni periferiche. Ritmo sinusale. Normale intervallo PR. Scarsa progressione onda R nelle precordiali, alterazioni aspecifiche della ripolarizzazione ventricolare.|0||||||4|5|5||||0||||||||0||||||5|5|5||||1|Ipertrofia ventricolare sinistra, alterazioni secondarie della ripolarizzazione ventricolare.|0||||0||||||||4|4|4||||1|Tachicardia sinusale, blocco di branca destro|0||||1||||||||6|6|6||||0||||||||0||||||6|6|6||||1|FA ad alta risposta ventricolare media, EAS, ipertrofia ventricolare sinistra|1||||0||||||||5|5|5||||0||||||||0||||||6|6|6|5|3283,42|15,95||7,59||||||5,1|||||||||8,05||||||71,92||||||7,92|||||||||10,28||||||5,08||||||14,57|||||||||10,44||||||23,87||||||8,84|||||||||37,4||||||19,71||||||5,64|||||||||24,85||||||11,92||||||7,99|||||||||8,62||||||353,05||||||37,45|||||||||10,32||||||282,08||||||20,38|||||||||13,47||||||359,45||||||36,7|||||||||14,95||||||17,82||||||62,97|||||||||6,96||||||181,31||||||70,57|||||||||7,5||||||47,73||||||50|||||||||12,22||||||185,9||||||16,42|||||||||11,58||||||219,62||||||27,8|||||||||13,55||||||51,96||||||83,63|||||||||10,46||||||176,78||||||6,26|||||||||53,4||||||121,92||||||23,68|||||||||9,1||||||63,38||||||25,24|||||||||11,11||||||149,86||||||15,29|||||||||10,29||||||58,77||||||22,43|||||||||9,39||||||14,93|
37|2021-11-30 22:43:18|62|it|226732296|ZJHoKVXREWSniXP|2021-11-30 22:09:41|2021-11-30 22:43:18|5||||0||||||||0||||||6|5|5||||0||||||||0||||||5||5||||0||||||||0||||||5|5|5||||0||||||||0||||||5|5|6||||0||||||||0||||||5|5|5||||0||||||||0||||||6|5|6||||0||||||||0||||||||6||||0||||||||0||||||6|6|6||||0||||||||0||||||||||||0||||||||0||||||6|6|6||||0||||||||0||||||5|6|6||||0||||||||0||||||6|3|6||||0||||||||0||||||6|6|6||||1|Destrocardia|1||||0||||||||6|6|6||||1|Fluitter atriale|0||||1||||||||6|4|6||||1|Cardiomiopatia ipertrrofica|1||||0||||||||6|6|6||||1|Malattia critica di tronco comune o malattia critica teivasale|0||||0||||||||1|1|1||||0||||||||0||||||6|6|6||||0||||||||0||||||6|6|||||0||||||||0||||||||6|6|2043,72|6,08||6,12||||||5,88|||||||||11,53||||||19,39||||||5,16|||||||||10,96||||||23,73||||||20,29|||||||||10,19||||||19,58||||||27,36|||||||||11,04||||||7,72||||||11,28|||||||||157,42||||||24,92||||||108,75|||||||||82,65||||||44,38||||||6,16|||||||||44,9||||||58,64||||||47,45|||||||||17,06||||||90,07||||||65,73|||||||||82||||||85,82||||||23,11|||||||||10,06||||||58,13||||||17,24|||||||||10,24||||||19,76||||||6,58|||||||||12,38||||||12,91||||||11,25|||||||||10,4||||||180,22||||||11,93|||||||||11,53||||||124,98||||||23,49|||||||||9,9||||||29,34||||||10,1|||||||||12,61||||||103,15||||||4,63|||||||||15,97||||||62,2||||||4,69|||||||||11,4||||||19,15||||||5,26|||||||||9,62||||||68,26||||||7,62|||||||||5,88||||||7,47|
38|2021-11-30 22:48:26|62|it|1277779962|V4BV2GmyCXija1n|2021-11-30 22:24:37|2021-11-30 22:48:26|4||||0||||||||0||||||4|4|4||||0||||||||0||||||3|3|3||||0||||||||0||||||5|5|5||||0||||||||0||||||5|5|5||||0||||||||0||||||4|4|4||||0||||||||1|BBdx|0||||3|3|3||||0||||||||0||||||2|2|2||||1|BBsn|0||||0||||||||2|2|2||||0||||||||0||||||4|4|4||||0||||||||0||||||3|3|3||||0||||||||0||||||3||||||0||||||||0||||||||||||1|Pregresso IMA inferiore|1||||0||||||||||||||0||||||||0||||||||||||0||||||||0||||||||||||1|IVsn|1||||0||||||||||||||1|BBdx incompleto|0||||0||||||||||||||0||||||||0||||||||||||0||||||||0||||||||||||0||||||||0|||||||||3|1456,01|12,94||37,02||||||14,23|||||||||16,5||||||37,49||||||14,2|||||||||9,31||||||22,27||||||9,83|||||||||8,34||||||77,36||||||12,32|||||||||7,12||||||63,17||||||7,27|||||||||9,66||||||32,94||||||55,09|||||||||10,15||||||86,97||||||13,22|||||||||6,38||||||168,44||||||8,47|||||||||11,74||||||49,66||||||4,4|||||||||8,13||||||39,23||||||19,37|||||||||7,71||||||41,68||||||7,56|||||||||3,92||||||21,08||||||6,67|||||||||5,13||||||33,78||||||13,33|||||||||3,24||||||145,75||||||9,04|||||||||5,21||||||25,12||||||10,85|||||||||4,42||||||25,33||||||4,61|||||||||3,72||||||54,54||||||5,49|||||||||4,4||||||41,64||||||4,76|||||||||3,5||||||30,54||||||5,07|||||||||3,42||||||29,69||||||9,1|||||||||3,6||||||8,89|
39|2021-12-01 11:32:43|62|it|345691538|7WwuCzZIkFabHcB|2021-12-01 10:09:53|2021-12-01 11:32:42|4||||0||||||||0||||||6|6|4||||0||||||||0||||||6|6|6||||0||||||||0||||||6|4|4||||0||||||||0||||||6|3|3||||0||||||||0||||||6|4|5||||0||||||||1|Pattern Brugada tipo I  con aspetto rSR' e inversione dell'onda T in V1-V2|1||||5|3|4||||1|Blocco di branca sinistro intermittente e BAV di I grado|1||||0||||||||5|4|4||||1|Blocco di branca sinistro completo, alterazioni secondarie della ripolarizzazione|0||||0||||||||4|4|4||||1|ritmo sinusale con alternanza di complessi QRS stretti e complessi condotti con aberranza.|0||||0||||||||2|2|2||||0||||||||0||||||6|2|4||||0||||||||0||||||5|4|5||||0||||||||0||||||5|4|5||||0||||||||1|Sovraslivellamento del tratto ST antero-laterale|1||||5|4|4||||1|Deviazione assiale destra|0||||1||||||||5|5|6||||1|Flutter atriale|0||||0||||||||2|3|3||||1|Cardiomiopatia ipertrofica|1||||0||||||||1|3|1||||0||||||||0||||||5|4|5||||0||||||||0||||||5|4|5||||0||||||||0||||||5|5|5||||0||||||||1|Tachicardia ventricolare monomorfa|0||||5|4|5|4|4999,83|6,59||50,3||||||11,71|||||||||196,52||||||9,18||||||12,12|||||||||8,73||||||9,9||||||17,46|||||||||9,41||||||112,73||||||33,29|||||||||9,41||||||107,43||||||16,98|||||||||13,27||||||15,56||||||157,31|||||||||21,76||||||54,48||||||29,75|||||||||10,7||||||54,8||||||43,9|||||||||9,66||||||70,8||||||7,98|||||||||11,55||||||28,6||||||14,69|||||||||12,73||||||373,85||||||19,15|||||||||18,07||||||65,18||||||21,46|||||||||9,78||||||204,45||||||64,28|||||||||12,71||||||649,72||||||34,91|||||||||11,03||||||84,31||||||23,11|||||||||120,18||||||169,2||||||12,95|||||||||9,68||||||180,02||||||30,39|||||||||161,19||||||1023,94||||||190,55|||||||||12,62||||||40,67||||||163,87|||||||||9,55||||||39,53||||||53,81|||||||||9,39||||||10,98|
40|2021-12-01 14:10:54|62|it|254798142|g02rgJ0BBVLIfxs|2021-12-01 14:03:13|2021-12-01 14:10:54|4||||0||||||||0||||||5|3|3||||0||||||||0||||||3|4|4||||0||||||||0||||||4|3|4||||0||||||||0||||||3|5|4||||0||||||||0||||||3|3|3||||0||||||||0||||||3|3|4||||0||||||||0||||||4|4|2||||0||||||||0||||||4|4|3||||0||||||||0||||||4|5|4||||0||||||||0||||||3|4|4||||0||||||||0||||||4|4|4||||0||||||||0||||||4|4|3||||0||||||||0||||||3|3|3||||0||||||||0||||||3|4|5||||0||||||||0||||||3|4|3||||0||||||||0||||||3|4|3||||0||||||||0||||||3|4|4||||0||||||||0||||||3|4|4||||0||||||||0||||||5|4|5||||0||||||||0||||||3|4|3|3|484,59|8,18||6,74||||||6,26|||||||||9,81||||||5,07||||||3,35|||||||||8,39||||||5,25||||||4,12|||||||||9,12||||||5,06||||||4,79|||||||||7,25||||||5,14||||||4,74|||||||||10,19||||||5,31||||||5,14|||||||||7,21||||||4,42||||||4,64|||||||||8,5||||||4,84||||||5|||||||||7,27||||||4,78||||||5,33|||||||||9||||||4,82||||||4,43|||||||||9,03||||||5,6||||||5,17|||||||||8,5||||||4,83||||||5,07|||||||||8,35||||||4,85||||||5,27|||||||||7,78||||||4,99||||||4,06|||||||||7,69||||||5,41||||||5,22|||||||||7,71||||||5,17||||||4,27|||||||||7,97||||||5,63||||||5,09|||||||||8,2||||||35,84||||||6,01|||||||||8,23||||||4,04||||||5,59|||||||||8,41||||||61,87||||||13,57|||||||||10,69||||||10,33|
49|2021-12-09 23:15:23|62|it|223262679|EX2bD8qBkNenFB8|2021-12-09 16:30:12|2021-12-09 23:15:23|3||||0||||||||0||||||4|4|4||||0||||||||1|Bassi voltaggi nelle derivazioni laterali. ASSE cardiaco normo-orientato. Presenza di sovraslivellamento anteriore e inferiore del tratto ST significativo in V2,V3 e aVf, non significativo in D2 eD3.|0||||3|3|3||||0||||||||0||||||3|3|3||||0||||||||0||||||3|3|3||||0||||||||0||||||4|4|4||||0||||||||1|Ritmo sinusale FC 60 bpm; CONDUZIONE AV nei limiti della norma;  durata del QRS normale, inferiore a 120. Presenza di sopraslivellamento del tratto ST (A TENDA) in V1 e V2 con inversione dell'onda T, suggestivo della sindrome di Brugada di tipo 1.|1||||2|2|2||||0||||||||0||||||3|3|3||||1|STEMI ANTERIORE E BB sinistro completo.|1||||0||||||||3|3|3||||0||||||||1|"Ritmo sinusale con Onde P negative e prolungate in V1. Intervallo PR costante. Frequenti complessi ventricolari prematuri in pattern bigeminale. 
Presenza di caratteristiche ecggrafiche caratteristiche di Ipertrofia ventricolare sinjstra: Deviazione assiale sinistra (-30 C);  S in V1 + R in V5 superiori a 3,5 mV ( segno di sokolov); R di aVL maggiore di 1,2 mV."|0||||4|4|4||||0||||||||1|WPW: ritmo sinusale FC 75 boh, precoce depolarizzazione ventricolare (intervallo PR < 0,12), presenza di onda delta con QRS nei limiti. Ripolarizzazione nei limiti.  ASSE cardiaco deviato a sinistra.|1||||4|4|4||||0||||||||0||||||5|5|5||||0||||||||0||||||2|2|2||||0||||||||0||||||4|4|4||||0||||||||0||||||2|2|2||||0||||||||0||||||4|4|4||||1|NSTEMI|0||||1||||||||4|4|4||||0||||||||1|Tachicardia sinusale.  Deviazione assiale destra. Onda qR in V1 che decresce fino a V3. Rapporto R/s <1 inV5  e V6. Onde P alte e appuntite in D2,D3 e avv.  Blocco di branca destra incompleto, in presenza di onde T invertite in V1-V4. Diffusamente depressione del tratto ST e presenza di onda P di 3 mm in II.|1||||3|3|3||||0||||||||1|"blocco atrio ventricolare di III grado e ritmo giunzionale di scappamento.
Onda P non evidenziabile. Contrazione ventricolare lenta e regalare (45 bpm), con QRS nei limiti.  Asse normo orientato (+90 C)."|1||||2|2|2||||0||||||||1|Fibrillazioneatriale  con Ipertrofia ventricolare sx (Sin V1+  R in V5 > 35, sokolov positivo. Inoltre è  presente deviazione assiale sinistra.)|1||||3|3|3||||0||||||||0||||||4|4|4|4|24314,2|3,82||6,68||||||10,01|||||||||12,19||||||764,32||||||663,55|||||||||11,95||||||59,05||||||131,4|||||||||10,18||||||133,74||||||2366,08|||||||||27,67||||||132,14||||||100,09|||||||||17,2||||||167,93||||||1840,4|||||||||7,97||||||279,08||||||394,4|||||||||7,59||||||340,46||||||90,41|||||||||9,04||||||9773,95||||||1592,51|||||||||9,85||||||77,44||||||952,54|||||||||6,43||||||122,39||||||234,35|||||||||7,37||||||81,76||||||648,22|||||||||7,76||||||49,38||||||36,78|||||||||6,64||||||210,04||||||33,49|||||||||8,88||||||64,21||||||55,43|||||||||5,97||||||299,17||||||278,02|||||||||4,66||||||160,6||||||1239,76|||||||||9,48||||||111,66||||||290,42|||||||||5,98||||||78,64||||||205,47|||||||||6,03||||||20,24||||||20,93|||||||||6,14||||||4,27|
50|2021-12-09 18:09:42|62|it|433963160|wJ6XfeIzy8Powa4|2021-12-09 16:35:18|2021-12-09 18:09:42|||||0||||||||0||||||6|6|6||||0||||||||0||||||5|5|5||||0||||||||0||||||6|6|6||||0||||||||0||||||5|5|5||||0||||||||0||||||5|5|5||||0||||||||0||||||5|5|5||||0||||||||0||||||6|6|6||||1|infarto antero settale con onde q di necrosi in DIII e aVF di precedente infarto inferiore|0||||0||||||||3|3|3||||1|bigeminismo ventricolare con atrio sinistro anormale|0||||0||||||||5|5|5||||1|pre eccitazione ventricolare, blocco di branca destra e segni di ipertrofia ventricolare destra|1||||0||||||||5|5|5||||0||||||||0||||||5|5|5||||0||||||||0||||||6|6|6||||1|pericardite in pregresso infarto inferiore|1||||0||||||||5|5|5||||1|emiblocco posteriore sinistro e alterazioni aspecifiche della ripolarizzazione|1||||0||||||||6|6|6||||1|flutter tipico con conduzione 4:1|0||||0||||||||2|2|2||||1|ipertrofia ventricolare sinistra con sottoslivellamento del tratto ST da V3 a V6 (NSTEMI)|0||||0||||||||5|5|5||||0||||||||0||||||5|5|5||||0||||||||0||||||6|6|6||||0||||||||0||||||4|4|4||||1|fibrillazione ventricolare monomorfa|0||||0||||||||5|5|5|4|5686,29|7,35||302,44||||||49,66|||||||||11,44||||||78,07||||||129,11|||||||||8,15||||||12,04||||||8,4|||||||||9,64||||||194,46||||||21,99|||||||||11,75||||||350,34||||||119,98|||||||||7,46||||||56,32||||||7,75|||||||||7,21||||||523,59||||||8,84|||||||||7,86||||||483,19||||||10,64|||||||||10,6||||||476,64||||||4,78|||||||||14,49||||||224,9||||||5,56|||||||||11,54||||||180,92||||||25,67|||||||||8,02||||||212,15||||||17,97|||||||||11,83||||||113,62||||||4,99|||||||||9,36||||||432,23||||||44,66|||||||||5,9||||||155,37||||||5,57|||||||||8,97||||||160,33||||||5,35|||||||||6,24||||||336,53||||||25,09|||||||||5,49||||||145,04||||||17,69|||||||||9,85||||||370,84||||||8,89|||||||||15,2||||||138,43||||||5,42|||||||||11,56||||||10,92|
51|2021-12-20 17:32:16|62|it|942745217|FZnkEcHc6HDKQUW|2021-12-20 17:09:31|2021-12-20 17:32:16|4||||0||||||||0||||||4||||||0||||||||0||||||3|3|4||||0||||||||0||||||1|2|2||||0||||||||0||||||4|4|4||||0||||||||0||||||4|4|4||||0||||||||0||||||4|4|4||||0||||||||0||||||4|4|4||||1|BBsn|0||||0||||||||3|3|3||||0||||||||0||||||4|4|4||||0||||||||0||||||4|4|4||||0||||||||0||||||4|4|4||||0||||||||0||||||4|4|4||||0||||||||0||||||4|4|4||||0||||||||0||||||5|5|5||||1|flutter|0||||0||||||||1|1|1||||1|Alterazioni diffuse del ventricologramma|0||||0||||||||||||||0||||||||0||||||3||3||||1|FA|1||||1||||||||||||||0||||||||0||||||||||||0||||||||0|||||||||4|1393,88|3,92||7,57||||||7,69|||||||||5,14||||||4,17||||||4|||||||||5,14||||||3,85||||||4,6|||||||||6,86||||||9,48||||||10,35|||||||||8,56||||||400,69||||||501,33|||||||||5,58||||||11,49||||||4,68|||||||||5,61||||||21,08||||||4,48|||||||||8,65||||||20,56||||||14,94|||||||||7,91||||||23,21||||||3,81|||||||||8,21||||||7,79||||||4,31|||||||||5,61||||||36,13||||||4,62|||||||||5,59||||||6,44||||||5,34|||||||||5,97||||||5,67||||||4,18|||||||||5,54||||||12,54||||||6,38|||||||||4,75||||||9,41||||||7,86|||||||||13,43||||||20,23||||||4,31|||||||||3,19||||||9,13||||||6,97|||||||||10,18||||||12,67||||||7,57|||||||||3,67||||||13,12||||||5,37|||||||||3,56||||||6,43||||||3,77|||||||||3,38||||||5,21|
52|2021-12-21 16:18:01|62|it|317107428|UeqXQGaYx8Xv9ZU|2021-12-21 08:17:40|2021-12-21 16:18:01|4||||0||||||||0||||||5|5|5||||0||||||||0||||||5|5|5||||0||||||||0||||||5|5|5||||0||||||||0||||||5|5|5||||1|bradicardia sinusale a frequenza di circa 50 bpm, onda P polmonare, conduzione AV nei limiti, ventricologramma regolare|0||||2|bradicardia sinusale a frequenza di circa 50 bpm, onda P polmonare, conduzione AV nei limiti, alterazioni aspecifiche della ripolarizzazione ventricolare|0||||||1|3|3||||0||||||||0||||||5|5|5||||1|Blocco di branca sinistra intermittente e BAV I in paziente con segni di sofferenza ischemica subendocardica.|1||||0||||||||4|4|4||||1|blocco di branca sx|0||||0||||||||3|3|3||||1|BBs alternante, onda P mitralica|1||||0||||||||4|4|4||||0||||||||0||||||3|3|3||||0||||||||0||||||5|5|5||||1|Pericardite|0||||0||||||||5|5|5||||0||||||||0||||||5|5|5||||0||||||||0||||||5|5|5||||1|flutter atriale|0||||0||||||||3|3|3||||0||||||||0||||||5|5|5||||0||||||||0||||||5|5|5||||0||||||||0||||||5|5|5||||0||||||||0||||||5|5|5||||1|tachicardia ventricolare monomorfa|0||||0||||||||6|6|6|5|28847,4|22,46||126,87||||||41,85|||||||||91,62||||||466,07||||||76,75|||||||||12,21||||||50,3||||||19,56|||||||||10,2||||||148,74||||||39,97|||||||||11,97||||||969,52||||||107,63|||||||||35,53||||||797,69||||||27,75|||||||||15,35||||||849,96||||||164,13|||||||||9,98||||||21373,5||||||16,19|||||||||8,83||||||339,31||||||46,72|||||||||31,13||||||61,09||||||78,21|||||||||10,76||||||291,68||||||9,63|||||||||33,97||||||51,8||||||19,67|||||||||16,26||||||163,76||||||35,15|||||||||12,74||||||192,92||||||10,99|||||||||8,46||||||266,4||||||11,11|||||||||10,82||||||302,16||||||7,55|||||||||48,2||||||241,91||||||8,24|||||||||9,18||||||484,08||||||25,35|||||||||13,36||||||178,96||||||10,3|||||||||21,44||||||237,61||||||38,49|||||||||8,79||||||14,54|
